Id,y
0,HOROZ
1,DERMASON
2,BARBUNYA
3,DERMASON
4,BOMBAY
5,DERMASON
6,DERMASON
7,SEKER
8,DERMASON
9,SIRA
10,DERMASON
11,SIRA
12,CALI
13,DERMASON
14,CALI
15,CALI
16,HOROZ
17,DERMASON
18,HOROZ
19,DERMASON
20,SEKER
21,BARBUNYA
22,SEKER
23,DERMASON
24,SEKER
25,CALI
26,HOROZ
27,SEKER
28,DERMASON
29,SIRA
30,DERMASON
31,BARBUNYA
32,DERMASON
33,CALI
34,SEKER
35,CALI
36,DERMASON
37,SIRA
38,SEKER
39,SIRA
40,DERMASON
41,HOROZ
42,DERMASON
43,SEKER
44,HOROZ
45,CALI
46,HOROZ
47,CALI
48,SIRA
49,SIRA
50,DERMASON
51,BOMBAY
52,CALI
53,DERMASON
54,HOROZ
55,HOROZ
56,DERMASON
57,SEKER
58,SIRA
59,SIRA
60,SEKER
61,SIRA
62,HOROZ
63,CALI
64,DERMASON
65,BARBUNYA
66,DERMASON
67,SIRA
68,CALI
69,HOROZ
70,CALI
71,HOROZ
72,SEKER
73,DERMASON
74,SIRA
75,CALI
76,HOROZ
77,DERMASON
78,HOROZ
79,DERMASON
80,SIRA
81,HOROZ
82,DERMASON
83,BARBUNYA
84,CALI
85,SEKER
86,SIRA
87,SIRA
88,SIRA
89,HOROZ
90,SIRA
91,SIRA
92,CALI
93,DERMASON
94,SIRA
95,SIRA
96,CALI
97,BARBUNYA
98,BARBUNYA
99,SEKER
100,BARBUNYA
101,BARBUNYA
102,BARBUNYA
103,BOMBAY
104,SEKER
105,DERMASON
106,DERMASON
107,HOROZ
108,HOROZ
109,SEKER
110,DERMASON
111,BARBUNYA
112,HOROZ
113,HOROZ
114,SIRA
115,DERMASON
116,SEKER
117,DERMASON
118,SEKER
119,DERMASON
120,SEKER
121,BARBUNYA
122,CALI
123,HOROZ
124,HOROZ
125,DERMASON
126,CALI
127,DERMASON
128,DERMASON
129,BARBUNYA
130,SIRA
131,HOROZ
132,HOROZ
133,SIRA
134,SEKER
135,HOROZ
136,CALI
137,SEKER
138,BARBUNYA
139,BARBUNYA
140,SIRA
141,SIRA
142,BARBUNYA
143,DERMASON
144,DERMASON
145,DERMASON
146,HOROZ
147,SIRA
148,DERMASON
149,DERMASON
150,BARBUNYA
151,HOROZ
152,SIRA
153,DERMASON
154,DERMASON
155,BARBUNYA
156,BOMBAY
157,SEKER
158,BOMBAY
159,SEKER
160,SIRA
161,DERMASON
162,HOROZ
163,DERMASON
164,CALI
165,BARBUNYA
166,SEKER
167,CALI
168,CALI
169,CALI
170,CALI
171,CALI
172,HOROZ
173,SIRA
174,DERMASON
175,SEKER
176,DERMASON
177,BARBUNYA
178,SEKER
179,SIRA
180,DERMASON
181,BARBUNYA
182,DERMASON
183,HOROZ
184,DERMASON
185,SEKER
186,DERMASON
187,BOMBAY
188,SEKER
189,CALI
190,DERMASON
191,SEKER
192,SEKER
193,HOROZ
194,SEKER
195,DERMASON
196,DERMASON
197,BARBUNYA
198,DERMASON
199,HOROZ
200,DERMASON
201,DERMASON
202,BARBUNYA
203,BARBUNYA
204,DERMASON
205,DERMASON
206,SEKER
207,BARBUNYA
208,SEKER
209,HOROZ
210,DERMASON
211,DERMASON
212,BARBUNYA
213,DERMASON
214,DERMASON
215,SIRA
216,SIRA
217,SIRA
218,BARBUNYA
219,HOROZ
220,HOROZ
221,DERMASON
222,SEKER
223,DERMASON
224,BARBUNYA
225,DERMASON
226,CALI
227,SEKER
228,DERMASON
229,DERMASON
230,DERMASON
231,SIRA
232,CALI
233,BARBUNYA
234,BARBUNYA
235,DERMASON
236,SIRA
237,SEKER
238,SIRA
239,SIRA
240,HOROZ
241,SEKER
242,DERMASON
243,DERMASON
244,SIRA
245,DERMASON
246,BOMBAY
247,CALI
248,HOROZ
249,DERMASON
250,SIRA
251,BOMBAY
252,DERMASON
253,SIRA
254,DERMASON
255,HOROZ
256,CALI
257,BARBUNYA
258,CALI
259,SIRA
260,SIRA
261,HOROZ
262,DERMASON
263,SIRA
264,DERMASON
265,CALI
266,DERMASON
267,SIRA
268,BARBUNYA
269,DERMASON
270,SIRA
271,BARBUNYA
272,CALI
273,HOROZ
274,DERMASON
275,DERMASON
276,SIRA
277,SIRA
278,SEKER
279,SIRA
280,SIRA
281,CALI
282,DERMASON
283,DERMASON
284,DERMASON
285,CALI
286,SEKER
287,DERMASON
288,SIRA
289,SIRA
290,DERMASON
291,SIRA
292,HOROZ
293,DERMASON
294,SIRA
295,DERMASON
296,SEKER
297,SEKER
298,DERMASON
299,DERMASON
300,DERMASON
301,DERMASON
302,BOMBAY
303,HOROZ
304,DERMASON
305,SEKER
306,BARBUNYA
307,BARBUNYA
308,CALI
309,SIRA
310,DERMASON
311,SIRA
312,BARBUNYA
313,DERMASON
314,SIRA
315,SIRA
316,SEKER
317,DERMASON
318,HOROZ
319,DERMASON
320,SIRA
321,SIRA
322,DERMASON
323,DERMASON
324,DERMASON
325,HOROZ
326,DERMASON
327,SIRA
328,DERMASON
329,SIRA
330,BARBUNYA
331,DERMASON
332,SIRA
333,CALI
334,SIRA
335,DERMASON
336,SIRA
337,DERMASON
338,SEKER
339,DERMASON
340,BOMBAY
341,DERMASON
342,BARBUNYA
343,DERMASON
344,SEKER
345,DERMASON
346,DERMASON
347,HOROZ
348,DERMASON
349,SEKER
350,SIRA
351,SIRA
352,DERMASON
353,SIRA
354,SIRA
355,DERMASON
356,SIRA
357,BOMBAY
358,HOROZ
359,SIRA
360,HOROZ
361,SEKER
362,HOROZ
363,BOMBAY
364,DERMASON
365,SIRA
366,DERMASON
367,SIRA
368,BARBUNYA
369,HOROZ
370,HOROZ
371,CALI
372,CALI
373,HOROZ
374,DERMASON
375,CALI
376,SIRA
377,SEKER
378,DERMASON
379,SEKER
380,DERMASON
381,BARBUNYA
382,HOROZ
383,BARBUNYA
384,SEKER
385,CALI
386,DERMASON
387,DERMASON
388,BOMBAY
389,SIRA
390,HOROZ
391,SEKER
392,HOROZ
393,SEKER
394,SEKER
395,SEKER
396,DERMASON
397,BARBUNYA
398,BARBUNYA
399,SEKER
400,SEKER
401,CALI
402,BARBUNYA
403,DERMASON
404,DERMASON
405,HOROZ
406,BARBUNYA
407,SIRA
408,SIRA
409,DERMASON
410,DERMASON
411,DERMASON
412,HOROZ
413,CALI
414,DERMASON
415,BARBUNYA
416,SIRA
417,DERMASON
418,BOMBAY
419,HOROZ
420,DERMASON
421,SEKER
422,DERMASON
423,BOMBAY
424,CALI
425,HOROZ
426,SEKER
427,DERMASON
428,DERMASON
429,SEKER
430,SIRA
431,SEKER
432,SEKER
433,BARBUNYA
434,SIRA
435,CALI
436,DERMASON
437,DERMASON
438,SEKER
439,SIRA
440,DERMASON
441,BARBUNYA
442,DERMASON
443,DERMASON
444,SEKER
445,CALI
446,DERMASON
447,DERMASON
448,BOMBAY
449,DERMASON
450,HOROZ
451,SIRA
452,SEKER
453,HOROZ
454,HOROZ
455,BOMBAY
456,SEKER
457,BARBUNYA
458,DERMASON
459,HOROZ
460,BARBUNYA
461,SEKER
462,SIRA
463,DERMASON
464,DERMASON
465,DERMASON
466,SIRA
467,BOMBAY
468,DERMASON
469,CALI
470,HOROZ
471,SIRA
472,SIRA
473,BARBUNYA
474,SIRA
475,SEKER
476,HOROZ
477,DERMASON
478,HOROZ
479,SIRA
480,DERMASON
481,DERMASON
482,CALI
483,CALI
484,BOMBAY
485,SIRA
486,DERMASON
487,SEKER
488,HOROZ
489,SEKER
490,DERMASON
491,DERMASON
492,DERMASON
493,SIRA
494,DERMASON
495,HOROZ
496,SIRA
497,CALI
498,SEKER
499,BARBUNYA
500,DERMASON
501,DERMASON
502,SEKER
503,SIRA
504,DERMASON
505,CALI
506,BARBUNYA
507,SIRA
508,SIRA
509,HOROZ
510,SIRA
511,CALI
512,HOROZ
513,CALI
514,DERMASON
515,SEKER
516,DERMASON
517,HOROZ
518,BARBUNYA
519,CALI
520,CALI
521,SEKER
522,SEKER
523,DERMASON
524,DERMASON
525,CALI
526,CALI
527,DERMASON
528,SIRA
529,HOROZ
530,HOROZ
531,HOROZ
532,DERMASON
533,SIRA
534,DERMASON
535,DERMASON
536,DERMASON
537,CALI
538,CALI
539,CALI
540,SIRA
541,SIRA
542,SIRA
543,HOROZ
544,CALI
545,BARBUNYA
546,HOROZ
547,SIRA
548,BARBUNYA
549,CALI
550,BARBUNYA
551,DERMASON
552,DERMASON
553,BOMBAY
554,DERMASON
555,DERMASON
556,SIRA
557,BOMBAY
558,SEKER
559,DERMASON
560,SIRA
561,DERMASON
562,BOMBAY
563,DERMASON
564,SEKER
565,SEKER
566,SIRA
567,SEKER
568,BARBUNYA
569,SIRA
570,SEKER
571,DERMASON
572,DERMASON
573,BARBUNYA
574,DERMASON
575,BARBUNYA
576,SIRA
577,BARBUNYA
578,DERMASON
579,HOROZ
580,SEKER
581,DERMASON
582,HOROZ
583,DERMASON
584,SIRA
585,HOROZ
586,CALI
587,BOMBAY
588,SEKER
589,BOMBAY
590,HOROZ
591,HOROZ
592,HOROZ
593,DERMASON
594,BARBUNYA
595,SIRA
596,DERMASON
597,DERMASON
598,DERMASON
599,DERMASON
600,CALI
601,HOROZ
602,DERMASON
603,DERMASON
604,HOROZ
605,DERMASON
606,DERMASON
607,HOROZ
608,SIRA
609,CALI
610,SIRA
611,SEKER
612,SEKER
613,SIRA
614,BOMBAY
615,BARBUNYA
616,BOMBAY
617,SEKER
618,SIRA
619,DERMASON
620,CALI
621,BOMBAY
622,HOROZ
623,SIRA
624,SEKER
625,SIRA
626,SEKER
627,DERMASON
628,SIRA
629,SEKER
630,DERMASON
631,SIRA
632,SIRA
633,DERMASON
634,DERMASON
635,DERMASON
636,SIRA
637,DERMASON
638,DERMASON
639,SIRA
640,DERMASON
641,DERMASON
642,DERMASON
643,DERMASON
644,SEKER
645,CALI
646,HOROZ
647,BOMBAY
648,DERMASON
649,BARBUNYA
650,SIRA
651,DERMASON
652,CALI
653,CALI
654,SEKER
655,SEKER
656,SEKER
657,SIRA
658,SEKER
659,SIRA
660,DERMASON
661,BOMBAY
662,SEKER
663,HOROZ
664,DERMASON
665,BARBUNYA
666,SEKER
667,SIRA
668,DERMASON
669,DERMASON
670,BARBUNYA
671,DERMASON
672,CALI
673,BOMBAY
674,DERMASON
675,HOROZ
676,BARBUNYA
677,SEKER
678,SEKER
679,BARBUNYA
680,DERMASON
681,SEKER
682,HOROZ
683,CALI
684,BARBUNYA
685,SEKER
686,HOROZ
687,DERMASON
688,HOROZ
689,DERMASON
690,BOMBAY
691,DERMASON
692,BARBUNYA
693,HOROZ
694,SEKER
695,DERMASON
696,SIRA
697,CALI
698,HOROZ
699,BARBUNYA
700,CALI
701,SEKER
702,HOROZ
703,SEKER
704,SEKER
705,BOMBAY
706,SIRA
707,BARBUNYA
708,SEKER
709,SEKER
710,CALI
711,SIRA
712,DERMASON
713,BARBUNYA
714,DERMASON
715,SIRA
716,DERMASON
717,SIRA
718,CALI
719,BARBUNYA
720,SEKER
721,BOMBAY
722,DERMASON
723,SIRA
724,HOROZ
725,SIRA
726,DERMASON
727,DERMASON
728,SIRA
729,CALI
730,BARBUNYA
731,DERMASON
732,SIRA
733,DERMASON
734,HOROZ
735,SIRA
736,HOROZ
737,SEKER
738,SIRA
739,CALI
740,DERMASON
741,SEKER
742,DERMASON
743,HOROZ
744,SIRA
745,HOROZ
746,BOMBAY
747,DERMASON
748,DERMASON
749,DERMASON
750,DERMASON
751,CALI
752,SEKER
753,SEKER
754,DERMASON
755,HOROZ
756,DERMASON
757,DERMASON
758,SEKER
759,DERMASON
760,HOROZ
761,BARBUNYA
762,SIRA
763,DERMASON
764,DERMASON
765,HOROZ
766,DERMASON
767,CALI
768,CALI
769,HOROZ
770,SEKER
771,SIRA
772,DERMASON
773,DERMASON
774,BARBUNYA
775,DERMASON
776,CALI
777,HOROZ
778,BOMBAY
779,BOMBAY
780,DERMASON
781,CALI
782,CALI
783,BARBUNYA
784,DERMASON
785,SEKER
786,DERMASON
787,CALI
788,DERMASON
789,SIRA
790,DERMASON
791,CALI
792,CALI
793,HOROZ
794,HOROZ
795,SIRA
796,DERMASON
797,SIRA
798,HOROZ
799,SEKER
800,DERMASON
801,SEKER
802,HOROZ
803,SIRA
804,DERMASON
805,DERMASON
806,SIRA
807,SIRA
808,DERMASON
809,CALI
810,HOROZ
811,BARBUNYA
812,DERMASON
813,DERMASON
814,SIRA
815,SIRA
816,SEKER
817,HOROZ
818,SEKER
819,DERMASON
820,HOROZ
821,SEKER
822,HOROZ
823,DERMASON
824,SEKER
825,SIRA
826,SEKER
827,HOROZ
828,DERMASON
829,BARBUNYA
830,DERMASON
831,SIRA
832,HOROZ
833,SIRA
834,DERMASON
835,SEKER
836,SIRA
837,HOROZ
838,SIRA
839,SEKER
840,HOROZ
841,BOMBAY
842,DERMASON
843,DERMASON
844,BARBUNYA
845,CALI
846,SEKER
847,SIRA
848,BARBUNYA
849,HOROZ
850,DERMASON
851,SIRA
852,SIRA
853,SIRA
854,DERMASON
855,SIRA
856,DERMASON
857,HOROZ
858,DERMASON
859,HOROZ
860,BARBUNYA
861,DERMASON
862,SIRA
863,BARBUNYA
864,DERMASON
865,SIRA
866,DERMASON
867,HOROZ
868,SIRA
869,BOMBAY
870,DERMASON
871,HOROZ
872,SIRA
873,SEKER
874,CALI
875,BARBUNYA
876,DERMASON
877,DERMASON
878,HOROZ
879,HOROZ
880,DERMASON
881,BARBUNYA
882,HOROZ
883,SEKER
884,BARBUNYA
885,DERMASON
886,BARBUNYA
887,DERMASON
888,DERMASON
889,DERMASON
890,SIRA
891,CALI
892,HOROZ
893,SIRA
894,CALI
895,SIRA
896,HOROZ
897,SIRA
898,SIRA
899,SIRA
900,SEKER
901,DERMASON
902,SIRA
903,SIRA
904,HOROZ
905,CALI
906,SIRA
907,SIRA
908,BOMBAY
909,DERMASON
910,HOROZ
911,SEKER
912,CALI
913,DERMASON
914,BARBUNYA
915,SEKER
916,SEKER
917,HOROZ
918,SIRA
919,BARBUNYA
920,HOROZ
921,DERMASON
922,BOMBAY
923,SEKER
924,SIRA
925,DERMASON
926,DERMASON
927,HOROZ
928,HOROZ
929,SIRA
930,SEKER
931,CALI
932,BARBUNYA
933,HOROZ
934,SEKER
935,DERMASON
936,SEKER
937,DERMASON
938,CALI
939,CALI
940,HOROZ
941,CALI
942,DERMASON
943,DERMASON
944,BOMBAY
945,HOROZ
946,SIRA
947,SIRA
948,CALI
949,DERMASON
950,CALI
951,DERMASON
952,CALI
953,SIRA
954,HOROZ
955,HOROZ
956,DERMASON
957,CALI
958,SIRA
959,DERMASON
960,BARBUNYA
961,SIRA
962,SIRA
963,SIRA
964,HOROZ
965,DERMASON
966,SIRA
967,SIRA
968,DERMASON
969,SEKER
970,DERMASON
971,SIRA
972,CALI
973,DERMASON
974,CALI
975,CALI
976,HOROZ
977,SIRA
978,SIRA
979,DERMASON
980,HOROZ
981,SIRA
982,DERMASON
983,SEKER
984,SIRA
985,SEKER
986,BARBUNYA
987,SIRA
988,DERMASON
989,SIRA
990,CALI
991,SEKER
992,SIRA
993,HOROZ
994,SEKER
995,HOROZ
996,DERMASON
997,CALI
998,SIRA
999,SIRA
1000,SEKER
1001,BARBUNYA
1002,SEKER
1003,SEKER
1004,HOROZ
1005,SIRA
1006,DERMASON
1007,SIRA
1008,DERMASON
1009,BOMBAY
1010,SEKER
1011,DERMASON
1012,DERMASON
1013,DERMASON
1014,SEKER
1015,BARBUNYA
1016,SEKER
1017,CALI
1018,HOROZ
1019,BARBUNYA
1020,DERMASON
1021,SIRA
1022,DERMASON
1023,SEKER
1024,HOROZ
1025,HOROZ
1026,CALI
1027,DERMASON
1028,SEKER
1029,DERMASON
1030,DERMASON
1031,SIRA
1032,SEKER
1033,BARBUNYA
1034,HOROZ
1035,SIRA
1036,SEKER
1037,BARBUNYA
1038,DERMASON
1039,DERMASON
1040,CALI
1041,HOROZ
1042,CALI
1043,DERMASON
1044,DERMASON
1045,BARBUNYA
1046,SEKER
1047,CALI
1048,BARBUNYA
1049,SEKER
1050,SEKER
1051,BARBUNYA
1052,BARBUNYA
1053,BOMBAY
1054,DERMASON
1055,SIRA
1056,SEKER
1057,SEKER
1058,CALI
1059,SIRA
1060,BARBUNYA
1061,SIRA
1062,BARBUNYA
1063,DERMASON
1064,SIRA
1065,BOMBAY
1066,BARBUNYA
1067,CALI
1068,DERMASON
1069,DERMASON
1070,SIRA
1071,SIRA
1072,SIRA
1073,SEKER
1074,DERMASON
1075,BARBUNYA
1076,DERMASON
1077,SEKER
1078,DERMASON
1079,SEKER
1080,DERMASON
1081,SIRA
1082,SIRA
1083,DERMASON
1084,HOROZ
1085,DERMASON
1086,SIRA
1087,CALI
1088,HOROZ
1089,DERMASON
1090,BARBUNYA
1091,SEKER
1092,DERMASON
1093,SIRA
1094,DERMASON
1095,CALI
1096,CALI
1097,DERMASON
1098,DERMASON
1099,DERMASON
1100,BARBUNYA
1101,DERMASON
1102,SIRA
1103,HOROZ
1104,CALI
1105,SIRA
1106,SIRA
1107,SEKER
1108,BARBUNYA
1109,CALI
1110,BARBUNYA
1111,HOROZ
1112,SIRA
1113,SIRA
1114,SIRA
1115,HOROZ
1116,SIRA
1117,SIRA
1118,SIRA
1119,DERMASON
1120,SEKER
1121,CALI
1122,HOROZ
1123,DERMASON
1124,BOMBAY
1125,BARBUNYA
1126,SIRA
1127,DERMASON
1128,CALI
1129,HOROZ
1130,DERMASON
1131,CALI
1132,SIRA
1133,DERMASON
1134,SEKER
1135,DERMASON
1136,SIRA
1137,DERMASON
1138,BARBUNYA
1139,SEKER
1140,SIRA
1141,DERMASON
1142,BOMBAY
1143,DERMASON
1144,DERMASON
1145,BOMBAY
1146,HOROZ
1147,SIRA
1148,BARBUNYA
1149,SEKER
1150,SEKER
1151,SIRA
1152,SIRA
1153,DERMASON
1154,SIRA
1155,CALI
1156,SIRA
1157,SIRA
1158,HOROZ
1159,HOROZ
1160,DERMASON
1161,DERMASON
1162,CALI
1163,DERMASON
1164,SIRA
1165,HOROZ
1166,DERMASON
1167,SIRA
1168,SIRA
1169,SIRA
1170,SEKER
1171,SIRA
1172,CALI
1173,HOROZ
1174,SEKER
1175,HOROZ
1176,DERMASON
1177,CALI
1178,SEKER
1179,BARBUNYA
1180,CALI
1181,HOROZ
1182,SIRA
1183,BARBUNYA
1184,CALI
1185,SEKER
1186,SEKER
1187,SIRA
1188,DERMASON
1189,DERMASON
1190,HOROZ
1191,HOROZ
1192,SIRA
1193,SEKER
1194,SEKER
1195,CALI
1196,HOROZ
1197,CALI
1198,CALI
1199,BOMBAY
1200,DERMASON
1201,DERMASON
1202,SIRA
1203,DERMASON
1204,DERMASON
1205,SIRA
1206,DERMASON
1207,DERMASON
1208,BARBUNYA
1209,BARBUNYA
1210,CALI
1211,CALI
1212,CALI
1213,SIRA
1214,CALI
1215,DERMASON
1216,DERMASON
1217,BARBUNYA
1218,SEKER
1219,DERMASON
1220,SIRA
1221,DERMASON
1222,BARBUNYA
1223,BOMBAY
1224,HOROZ
1225,SIRA
1226,SEKER
1227,DERMASON
1228,DERMASON
1229,HOROZ
1230,DERMASON
1231,CALI
1232,DERMASON
1233,SIRA
1234,DERMASON
1235,SEKER
1236,SEKER
1237,HOROZ
1238,DERMASON
1239,BARBUNYA
1240,CALI
1241,SEKER
1242,DERMASON
1243,BARBUNYA
1244,DERMASON
1245,DERMASON
1246,BOMBAY
1247,BOMBAY
1248,BARBUNYA
1249,CALI
1250,HOROZ
1251,CALI
1252,SEKER
1253,BARBUNYA
1254,SIRA
1255,DERMASON
1256,SEKER
1257,SEKER
1258,HOROZ
1259,DERMASON
1260,SIRA
1261,SIRA
1262,SIRA
1263,SIRA
1264,SEKER
1265,SIRA
1266,DERMASON
1267,SEKER
1268,SEKER
1269,BARBUNYA
1270,HOROZ
1271,HOROZ
1272,BARBUNYA
1273,HOROZ
1274,SIRA
1275,DERMASON
1276,DERMASON
1277,HOROZ
1278,SIRA
1279,HOROZ
1280,SEKER
1281,BOMBAY
1282,DERMASON
1283,HOROZ
1284,HOROZ
1285,CALI
1286,DERMASON
1287,SEKER
1288,SIRA
1289,SIRA
1290,BARBUNYA
1291,SIRA
1292,CALI
1293,HOROZ
1294,SIRA
1295,SIRA
1296,DERMASON
1297,HOROZ
1298,DERMASON
1299,SIRA
1300,SIRA
1301,CALI
1302,CALI
1303,CALI
1304,SEKER
1305,CALI
1306,BARBUNYA
1307,DERMASON
1308,DERMASON
1309,SEKER
1310,BARBUNYA
1311,DERMASON
1312,SIRA
1313,DERMASON
1314,SEKER
1315,SIRA
1316,DERMASON
1317,SIRA
1318,DERMASON
1319,SIRA
1320,CALI
1321,DERMASON
1322,HOROZ
1323,SIRA
1324,SEKER
1325,DERMASON
1326,SEKER
1327,SIRA
1328,DERMASON
1329,CALI
1330,SEKER
1331,SEKER
1332,HOROZ
1333,BOMBAY
1334,SEKER
1335,DERMASON
1336,SEKER
1337,HOROZ
1338,CALI
1339,HOROZ
1340,CALI
1341,BARBUNYA
1342,DERMASON
1343,CALI
1344,HOROZ
1345,DERMASON
1346,HOROZ
1347,SEKER
1348,BARBUNYA
1349,SIRA
1350,DERMASON
1351,CALI
1352,DERMASON
1353,DERMASON
1354,DERMASON
1355,SEKER
1356,SEKER
1357,BARBUNYA
1358,HOROZ
1359,HOROZ
1360,DERMASON
1361,DERMASON
1362,DERMASON
1363,SIRA
1364,BARBUNYA
1365,SIRA
1366,HOROZ
1367,SIRA
1368,SIRA
1369,HOROZ
1370,SIRA
1371,BARBUNYA
1372,BARBUNYA
1373,BOMBAY
1374,DERMASON
1375,DERMASON
1376,BARBUNYA
1377,SIRA
1378,DERMASON
1379,DERMASON
1380,BARBUNYA
1381,SIRA
1382,SEKER
1383,BARBUNYA
1384,SIRA
1385,SEKER
1386,DERMASON
1387,DERMASON
1388,CALI
1389,DERMASON
1390,SIRA
1391,SIRA
1392,HOROZ
1393,SIRA
1394,DERMASON
1395,BARBUNYA
1396,DERMASON
1397,BOMBAY
1398,DERMASON
1399,DERMASON
1400,CALI
1401,HOROZ
1402,SIRA
1403,BARBUNYA
1404,SEKER
1405,SIRA
1406,HOROZ
1407,DERMASON
1408,SIRA
1409,HOROZ
1410,DERMASON
1411,DERMASON
1412,SIRA
1413,BOMBAY
1414,BOMBAY
1415,SIRA
1416,DERMASON
1417,SEKER
1418,DERMASON
1419,HOROZ
1420,DERMASON
1421,DERMASON
1422,SIRA
1423,BOMBAY
1424,SIRA
1425,BOMBAY
1426,DERMASON
1427,BOMBAY
1428,SIRA
1429,SEKER
1430,DERMASON
1431,HOROZ
1432,DERMASON
1433,HOROZ
1434,BARBUNYA
1435,CALI
1436,CALI
1437,SIRA
1438,CALI
1439,SIRA
1440,HOROZ
1441,DERMASON
1442,SIRA
1443,DERMASON
1444,SEKER
1445,HOROZ
1446,SEKER
1447,DERMASON
1448,SEKER
1449,HOROZ
1450,HOROZ
1451,DERMASON
1452,DERMASON
1453,HOROZ
1454,SIRA
1455,CALI
1456,SEKER
1457,DERMASON
1458,SIRA
1459,BARBUNYA
1460,SIRA
1461,BARBUNYA
1462,DERMASON
1463,SEKER
1464,SEKER
1465,DERMASON
1466,DERMASON
1467,BARBUNYA
1468,BARBUNYA
1469,HOROZ
1470,DERMASON
1471,SIRA
1472,SIRA
1473,DERMASON
1474,HOROZ
1475,DERMASON
1476,BOMBAY
1477,BARBUNYA
1478,SEKER
1479,HOROZ
1480,HOROZ
1481,SIRA
1482,SEKER
1483,SEKER
1484,HOROZ
1485,SIRA
1486,DERMASON
1487,BARBUNYA
1488,HOROZ
1489,SIRA
1490,SEKER
1491,HOROZ
1492,SIRA
1493,SIRA
1494,SIRA
1495,CALI
1496,HOROZ
1497,CALI
1498,SEKER
1499,SEKER
1500,DERMASON
1501,SIRA
1502,SEKER
1503,SEKER
1504,SIRA
1505,DERMASON
1506,HOROZ
1507,DERMASON
1508,HOROZ
1509,SIRA
1510,SEKER
1511,BARBUNYA
1512,SEKER
1513,SIRA
1514,CALI
1515,SIRA
1516,SIRA
1517,CALI
1518,BARBUNYA
1519,BARBUNYA
1520,SEKER
1521,SEKER
1522,DERMASON
1523,DERMASON
1524,HOROZ
1525,SEKER
1526,CALI
1527,SIRA
1528,HOROZ
1529,DERMASON
1530,DERMASON
1531,CALI
1532,BARBUNYA
1533,SIRA
1534,SEKER
1535,HOROZ
1536,HOROZ
1537,HOROZ
1538,BARBUNYA
1539,SEKER
1540,HOROZ
1541,HOROZ
1542,BARBUNYA
1543,SEKER
1544,DERMASON
1545,SIRA
1546,BARBUNYA
1547,CALI
1548,DERMASON
1549,DERMASON
1550,HOROZ
1551,SIRA
1552,HOROZ
1553,DERMASON
1554,DERMASON
1555,SIRA
1556,HOROZ
1557,HOROZ
1558,DERMASON
1559,SEKER
1560,DERMASON
1561,SEKER
1562,CALI
1563,HOROZ
1564,HOROZ
1565,CALI
1566,BARBUNYA
1567,SIRA
1568,HOROZ
1569,DERMASON
1570,DERMASON
1571,SIRA
1572,DERMASON
1573,SEKER
1574,DERMASON
1575,BARBUNYA
1576,BARBUNYA
1577,BARBUNYA
1578,CALI
1579,HOROZ
1580,SIRA
1581,SEKER
1582,SEKER
1583,DERMASON
1584,DERMASON
1585,DERMASON
1586,SEKER
1587,SIRA
1588,HOROZ
1589,HOROZ
1590,CALI
1591,DERMASON
1592,DERMASON
1593,SIRA
1594,SIRA
1595,HOROZ
1596,SEKER
1597,SEKER
1598,BOMBAY
1599,HOROZ
1600,SIRA
1601,SIRA
1602,SIRA
1603,DERMASON
1604,SEKER
1605,CALI
1606,HOROZ
1607,HOROZ
1608,BARBUNYA
1609,BARBUNYA
1610,HOROZ
1611,HOROZ
1612,SEKER
1613,SIRA
1614,BOMBAY
1615,DERMASON
1616,SEKER
1617,DERMASON
1618,DERMASON
1619,CALI
1620,SIRA
1621,DERMASON
1622,CALI
1623,DERMASON
1624,DERMASON
1625,CALI
1626,HOROZ
1627,DERMASON
1628,SIRA
1629,SIRA
1630,DERMASON
1631,HOROZ
1632,SEKER
1633,SEKER
1634,DERMASON
1635,SIRA
1636,HOROZ
1637,SIRA
1638,DERMASON
1639,SIRA
1640,CALI
1641,HOROZ
1642,DERMASON
1643,SIRA
1644,HOROZ
1645,DERMASON
1646,SEKER
1647,SIRA
1648,HOROZ
1649,DERMASON
1650,CALI
1651,HOROZ
1652,HOROZ
1653,SEKER
1654,SEKER
1655,BARBUNYA
1656,HOROZ
1657,SIRA
1658,SIRA
1659,CALI
1660,CALI
1661,DERMASON
1662,SEKER
1663,SIRA
1664,BARBUNYA
1665,DERMASON
1666,DERMASON
1667,HOROZ
1668,CALI
1669,HOROZ
1670,CALI
1671,HOROZ
1672,BOMBAY
1673,CALI
1674,SEKER
1675,BARBUNYA
1676,HOROZ
1677,DERMASON
1678,SEKER
1679,SIRA
1680,DERMASON
1681,CALI
1682,SEKER
1683,HOROZ
1684,SEKER
1685,SEKER
1686,HOROZ
1687,DERMASON
1688,HOROZ
1689,DERMASON
1690,SEKER
1691,SEKER
1692,SEKER
1693,SEKER
1694,CALI
1695,DERMASON
1696,SEKER
1697,BARBUNYA
1698,SEKER
1699,SEKER
1700,DERMASON
1701,CALI
1702,HOROZ
1703,DERMASON
1704,DERMASON
1705,DERMASON
1706,SEKER
1707,BARBUNYA
1708,CALI
1709,DERMASON
1710,BOMBAY
1711,CALI
1712,CALI
1713,HOROZ
1714,SIRA
1715,DERMASON
1716,CALI
1717,BARBUNYA
1718,DERMASON
1719,SEKER
1720,BARBUNYA
1721,SEKER
1722,HOROZ
1723,SEKER
1724,HOROZ
1725,DERMASON
1726,DERMASON
1727,HOROZ
1728,SIRA
1729,SEKER
1730,SEKER
1731,SIRA
1732,DERMASON
1733,SIRA
1734,SEKER
1735,SIRA
1736,DERMASON
1737,HOROZ
1738,BARBUNYA
1739,SEKER
1740,HOROZ
1741,SEKER
1742,HOROZ
1743,DERMASON
1744,DERMASON
1745,HOROZ
1746,HOROZ
1747,CALI
1748,SIRA
1749,HOROZ
1750,SIRA
1751,SEKER
1752,BARBUNYA
1753,SEKER
1754,BARBUNYA
1755,HOROZ
1756,CALI
1757,SIRA
1758,DERMASON
1759,SEKER
1760,SEKER
1761,HOROZ
1762,DERMASON
1763,SEKER
1764,SIRA
1765,DERMASON
1766,DERMASON
1767,HOROZ
1768,DERMASON
1769,CALI
1770,CALI
1771,DERMASON
1772,SEKER
1773,SEKER
1774,DERMASON
1775,CALI
1776,SIRA
1777,HOROZ
1778,DERMASON
1779,DERMASON
1780,DERMASON
1781,HOROZ
1782,SIRA
1783,CALI
1784,BARBUNYA
1785,BARBUNYA
1786,SEKER
1787,DERMASON
1788,BOMBAY
1789,SEKER
1790,DERMASON
1791,SEKER
1792,CALI
1793,SEKER
1794,DERMASON
1795,SEKER
1796,SIRA
1797,DERMASON
1798,SIRA
1799,CALI
1800,HOROZ
1801,DERMASON
1802,DERMASON
1803,CALI
1804,DERMASON
1805,CALI
1806,SEKER
1807,SIRA
1808,BOMBAY
1809,BARBUNYA
1810,BARBUNYA
1811,HOROZ
1812,HOROZ
1813,SEKER
1814,DERMASON
1815,SIRA
1816,DERMASON
1817,SIRA
1818,SIRA
1819,BARBUNYA
1820,SEKER
1821,DERMASON
1822,BOMBAY
1823,SEKER
1824,BARBUNYA
1825,DERMASON
1826,SEKER
1827,HOROZ
1828,DERMASON
1829,SEKER
1830,SIRA
1831,SIRA
1832,SEKER
1833,DERMASON
1834,DERMASON
1835,SIRA
1836,DERMASON
1837,CALI
1838,SIRA
1839,CALI
1840,CALI
1841,SEKER
1842,SEKER
1843,SEKER
1844,DERMASON
1845,CALI
1846,SEKER
1847,CALI
1848,HOROZ
1849,DERMASON
1850,SEKER
1851,DERMASON
1852,SIRA
1853,SIRA
1854,HOROZ
1855,DERMASON
1856,DERMASON
1857,SEKER
1858,DERMASON
1859,SEKER
1860,HOROZ
1861,CALI
1862,SEKER
1863,HOROZ
1864,SEKER
1865,SIRA
1866,SIRA
1867,SIRA
1868,BARBUNYA
1869,DERMASON
1870,DERMASON
1871,SIRA
1872,SEKER
1873,SIRA
1874,SIRA
1875,DERMASON
1876,SEKER
1877,SIRA
1878,SEKER
1879,SEKER
1880,BARBUNYA
1881,DERMASON
1882,BARBUNYA
1883,SIRA
1884,SEKER
1885,SIRA
1886,CALI
1887,BOMBAY
1888,HOROZ
1889,DERMASON
1890,SEKER
1891,DERMASON
1892,CALI
1893,BARBUNYA
1894,SEKER
1895,SIRA
1896,CALI
1897,CALI
1898,SIRA
1899,BOMBAY
1900,DERMASON
1901,DERMASON
1902,BOMBAY
1903,CALI
1904,CALI
1905,SIRA
1906,SIRA
1907,SEKER
1908,HOROZ
1909,SEKER
1910,DERMASON
1911,SIRA
1912,DERMASON
1913,DERMASON
1914,SIRA
1915,CALI
1916,BOMBAY
1917,HOROZ
1918,DERMASON
1919,SEKER
1920,BARBUNYA
1921,SIRA
1922,HOROZ
1923,SIRA
1924,HOROZ
1925,DERMASON
1926,BARBUNYA
1927,CALI
1928,DERMASON
1929,BARBUNYA
1930,DERMASON
1931,CALI
1932,HOROZ
1933,SIRA
1934,DERMASON
1935,HOROZ
1936,HOROZ
1937,BOMBAY
1938,BARBUNYA
1939,BARBUNYA
1940,CALI
1941,CALI
1942,BARBUNYA
1943,SEKER
1944,SIRA
1945,SIRA
1946,DERMASON
1947,SIRA
1948,SIRA
1949,HOROZ
1950,SEKER
1951,DERMASON
1952,SIRA
1953,SEKER
1954,CALI
1955,SEKER
1956,SEKER
1957,CALI
1958,HOROZ
1959,CALI
1960,SEKER
1961,BOMBAY
1962,SIRA
1963,SIRA
1964,CALI
1965,SEKER
1966,CALI
1967,BARBUNYA
1968,SIRA
1969,HOROZ
1970,HOROZ
1971,DERMASON
1972,DERMASON
1973,DERMASON
1974,SIRA
1975,DERMASON
1976,CALI
1977,SIRA
1978,BARBUNYA
1979,DERMASON
1980,DERMASON
1981,SIRA
1982,CALI
1983,SIRA
1984,HOROZ
1985,SIRA
1986,SEKER
1987,SEKER
1988,DERMASON
1989,DERMASON
1990,DERMASON
1991,SIRA
1992,HOROZ
1993,CALI
1994,BOMBAY
1995,CALI
1996,CALI
1997,CALI
1998,HOROZ
1999,SEKER
2000,SIRA
2001,SEKER
2002,DERMASON
2003,SEKER
2004,SEKER
2005,DERMASON
2006,BOMBAY
2007,BARBUNYA
2008,BARBUNYA
2009,HOROZ
2010,SIRA
2011,DERMASON
2012,HOROZ
2013,SEKER
2014,DERMASON
2015,BARBUNYA
2016,DERMASON
2017,CALI
2018,BARBUNYA
2019,SIRA
2020,BARBUNYA
2021,SIRA
2022,SIRA
2023,SIRA
2024,SEKER
2025,CALI
2026,HOROZ
2027,DERMASON
2028,BOMBAY
2029,HOROZ
2030,DERMASON
2031,CALI
2032,HOROZ
2033,BARBUNYA
2034,DERMASON
2035,SIRA
2036,HOROZ
2037,SIRA
2038,SIRA
2039,CALI
2040,SIRA
2041,CALI
2042,SIRA
2043,HOROZ
2044,CALI
2045,DERMASON
2046,SIRA
2047,BARBUNYA
2048,SIRA
2049,SIRA
2050,DERMASON
2051,HOROZ
2052,BARBUNYA
2053,BARBUNYA
2054,SIRA
2055,DERMASON
2056,SIRA
2057,SIRA
2058,HOROZ
2059,HOROZ
2060,BOMBAY
2061,SIRA
2062,SIRA
2063,DERMASON
2064,CALI
2065,CALI
2066,SEKER
2067,DERMASON
2068,HOROZ
2069,DERMASON
2070,SEKER
2071,HOROZ
2072,CALI
2073,DERMASON
2074,HOROZ
2075,SEKER
2076,HOROZ
2077,SEKER
2078,SEKER
2079,SIRA
2080,DERMASON
2081,HOROZ
2082,DERMASON
2083,SIRA
2084,CALI
2085,BARBUNYA
2086,CALI
2087,CALI
2088,DERMASON
2089,DERMASON
2090,BOMBAY
2091,SEKER
2092,HOROZ
2093,HOROZ
2094,SIRA
2095,HOROZ
2096,SEKER
2097,CALI
2098,SEKER
2099,SIRA
2100,DERMASON
2101,BOMBAY
2102,DERMASON
2103,SIRA
2104,SEKER
2105,DERMASON
2106,HOROZ
2107,SIRA
2108,SEKER
2109,DERMASON
2110,SEKER
2111,DERMASON
2112,DERMASON
2113,DERMASON
2114,DERMASON
2115,DERMASON
2116,DERMASON
2117,CALI
2118,SIRA
2119,SEKER
2120,BOMBAY
2121,SIRA
2122,CALI
2123,DERMASON
2124,CALI
2125,CALI
2126,SEKER
2127,CALI
2128,DERMASON
2129,DERMASON
2130,DERMASON
2131,BARBUNYA
2132,SEKER
2133,CALI
2134,SIRA
2135,CALI
2136,SEKER
2137,BARBUNYA
2138,CALI
2139,DERMASON
2140,SIRA
2141,DERMASON
2142,DERMASON
2143,SIRA
2144,BARBUNYA
2145,DERMASON
2146,DERMASON
2147,SEKER
2148,SIRA
2149,CALI
2150,HOROZ
2151,CALI
2152,DERMASON
2153,CALI
2154,BARBUNYA
2155,HOROZ
2156,DERMASON
2157,DERMASON
2158,DERMASON
2159,DERMASON
2160,SIRA
2161,CALI
2162,SIRA
2163,HOROZ
2164,SEKER
2165,DERMASON
2166,DERMASON
2167,SEKER
2168,SEKER
2169,HOROZ
2170,DERMASON
2171,SEKER
2172,DERMASON
2173,SIRA
2174,SIRA
2175,DERMASON
2176,SIRA
2177,HOROZ
2178,CALI
2179,SIRA
2180,DERMASON
2181,CALI
2182,DERMASON
2183,SIRA
2184,DERMASON
2185,BARBUNYA
2186,SIRA
2187,BARBUNYA
2188,DERMASON
2189,SIRA
2190,DERMASON
2191,SEKER
2192,SIRA
2193,DERMASON
2194,SEKER
2195,BOMBAY
2196,DERMASON
2197,HOROZ
2198,SIRA
2199,DERMASON
2200,CALI
2201,SIRA
2202,SIRA
2203,HOROZ
2204,DERMASON
2205,DERMASON
2206,DERMASON
2207,CALI
2208,CALI
2209,BOMBAY
2210,DERMASON
2211,CALI
2212,SIRA
2213,SIRA
2214,SIRA
2215,DERMASON
2216,CALI
2217,DERMASON
2218,SEKER
2219,CALI
2220,BARBUNYA
2221,SEKER
2222,DERMASON
2223,DERMASON
2224,DERMASON
2225,DERMASON
2226,SIRA
2227,HOROZ
2228,DERMASON
2229,BARBUNYA
2230,BARBUNYA
2231,SEKER
2232,BARBUNYA
2233,BARBUNYA
2234,BOMBAY
2235,HOROZ
2236,DERMASON
2237,SEKER
2238,CALI
2239,DERMASON
2240,SIRA
2241,SIRA
2242,DERMASON
2243,CALI
2244,HOROZ
2245,HOROZ
2246,SIRA
2247,DERMASON
2248,SEKER
2249,BOMBAY
2250,BOMBAY
2251,SEKER
2252,SIRA
2253,DERMASON
2254,DERMASON
2255,DERMASON
2256,SIRA
2257,BOMBAY
2258,HOROZ
2259,HOROZ
2260,SEKER
2261,DERMASON
2262,SEKER
2263,SIRA
2264,SEKER
2265,BARBUNYA
2266,BARBUNYA
2267,SEKER
2268,HOROZ
2269,BARBUNYA
2270,DERMASON
2271,SEKER
2272,SEKER
2273,SIRA
2274,SEKER
2275,SIRA
2276,HOROZ
2277,DERMASON
2278,SIRA
2279,SEKER
2280,DERMASON
2281,CALI
2282,HOROZ
2283,DERMASON
2284,BARBUNYA
2285,CALI
2286,CALI
2287,SEKER
2288,SIRA
2289,SEKER
2290,CALI
2291,CALI
2292,SEKER
2293,SIRA
2294,HOROZ
2295,BARBUNYA
2296,SEKER
2297,BOMBAY
2298,SIRA
2299,BARBUNYA
2300,SEKER
2301,CALI
2302,SIRA
2303,DERMASON
2304,SIRA
2305,BARBUNYA
2306,DERMASON
2307,SEKER
2308,SEKER
2309,DERMASON
2310,DERMASON
2311,SEKER
2312,SIRA
2313,DERMASON
2314,SIRA
2315,SEKER
2316,DERMASON
2317,DERMASON
2318,SIRA
2319,DERMASON
2320,DERMASON
2321,CALI
2322,CALI
2323,SEKER
2324,SIRA
2325,DERMASON
2326,SIRA
2327,SEKER
2328,SEKER
2329,SEKER
2330,DERMASON
2331,SIRA
2332,CALI
2333,DERMASON
2334,SIRA
2335,DERMASON
2336,CALI
2337,SIRA
2338,BOMBAY
2339,CALI
2340,SIRA
2341,DERMASON
2342,DERMASON
2343,BARBUNYA
2344,SIRA
2345,SIRA
2346,DERMASON
2347,HOROZ
2348,DERMASON
2349,DERMASON
2350,SEKER
2351,HOROZ
2352,BARBUNYA
2353,SIRA
2354,CALI
2355,DERMASON
2356,HOROZ
2357,CALI
2358,DERMASON
2359,CALI
2360,DERMASON
2361,CALI
2362,BOMBAY
2363,BARBUNYA
2364,SEKER
2365,CALI
2366,DERMASON
2367,HOROZ
2368,DERMASON
2369,HOROZ
2370,CALI
2371,SEKER
2372,CALI
2373,SEKER
2374,SIRA
2375,BARBUNYA
2376,HOROZ
2377,SEKER
2378,DERMASON
2379,BARBUNYA
2380,SIRA
2381,BARBUNYA
2382,CALI
2383,SEKER
2384,DERMASON
2385,DERMASON
2386,HOROZ
2387,SIRA
2388,DERMASON
2389,HOROZ
2390,HOROZ
2391,DERMASON
2392,BARBUNYA
2393,HOROZ
2394,DERMASON
2395,DERMASON
2396,DERMASON
2397,DERMASON
2398,SEKER
2399,SEKER
2400,BOMBAY
2401,BARBUNYA
2402,SIRA
2403,DERMASON
2404,DERMASON
2405,SEKER
2406,BARBUNYA
2407,SIRA
2408,BARBUNYA
2409,SEKER
2410,HOROZ
2411,HOROZ
2412,BARBUNYA
2413,SIRA
2414,DERMASON
2415,BARBUNYA
2416,CALI
2417,HOROZ
2418,SEKER
2419,DERMASON
2420,SEKER
2421,SIRA
2422,HOROZ
2423,DERMASON
2424,SIRA
2425,BOMBAY
2426,DERMASON
2427,HOROZ
2428,HOROZ
2429,DERMASON
2430,DERMASON
2431,BARBUNYA
2432,SIRA
2433,CALI
2434,BARBUNYA
2435,DERMASON
2436,SEKER
2437,CALI
2438,DERMASON
2439,DERMASON
2440,DERMASON
2441,DERMASON
2442,BOMBAY
2443,SEKER
2444,DERMASON
2445,DERMASON
2446,BARBUNYA
2447,BARBUNYA
2448,HOROZ
2449,CALI
2450,CALI
2451,CALI
2452,BOMBAY
2453,BOMBAY
2454,HOROZ
2455,SEKER
2456,BARBUNYA
2457,HOROZ
2458,SIRA
2459,DERMASON
2460,SEKER
2461,SIRA
2462,HOROZ
2463,DERMASON
2464,SIRA
2465,BARBUNYA
2466,CALI
2467,CALI
2468,BOMBAY
2469,BARBUNYA
2470,CALI
2471,SIRA
2472,SIRA
2473,SIRA
2474,DERMASON
2475,DERMASON
2476,SIRA
2477,DERMASON
2478,SIRA
2479,SEKER
2480,HOROZ
2481,SIRA
2482,SEKER
2483,SEKER
2484,CALI
2485,CALI
2486,SEKER
2487,DERMASON
2488,DERMASON
2489,CALI
2490,BARBUNYA
2491,DERMASON
2492,CALI
2493,CALI
2494,BARBUNYA
2495,SIRA
2496,BARBUNYA
2497,HOROZ
2498,DERMASON
2499,HOROZ
2500,HOROZ
2501,SIRA
2502,SIRA
2503,HOROZ
2504,SIRA
2505,HOROZ
2506,CALI
2507,CALI
2508,DERMASON
2509,SIRA
2510,DERMASON
2511,HOROZ
2512,BARBUNYA
2513,BARBUNYA
2514,DERMASON
2515,SIRA
2516,DERMASON
2517,CALI
2518,SIRA
2519,HOROZ
2520,SEKER
2521,SIRA
2522,DERMASON
2523,BOMBAY
2524,SEKER
2525,CALI
2526,BARBUNYA
2527,SIRA
2528,CALI
2529,BARBUNYA
2530,HOROZ
2531,DERMASON
2532,DERMASON
2533,DERMASON
2534,DERMASON
2535,HOROZ
2536,DERMASON
2537,SIRA
2538,HOROZ
2539,DERMASON
2540,DERMASON
2541,SIRA
2542,DERMASON
2543,BOMBAY
2544,CALI
2545,DERMASON
2546,DERMASON
2547,SIRA
2548,BARBUNYA
2549,CALI
2550,CALI
2551,CALI
2552,BARBUNYA
2553,DERMASON
2554,SIRA
2555,SEKER
2556,CALI
2557,SIRA
2558,SEKER
2559,BARBUNYA
2560,HOROZ
2561,SEKER
2562,BOMBAY
2563,SIRA
2564,CALI
2565,SIRA
2566,SIRA
2567,SIRA
2568,SEKER
2569,SIRA
2570,CALI
2571,BARBUNYA
2572,CALI
2573,HOROZ
2574,SIRA
2575,HOROZ
2576,DERMASON
2577,DERMASON
2578,BARBUNYA
2579,SEKER
2580,DERMASON
2581,SIRA
2582,SIRA
2583,DERMASON
2584,HOROZ
2585,SEKER
2586,BARBUNYA
2587,DERMASON
2588,DERMASON
2589,CALI
2590,DERMASON
2591,DERMASON
2592,HOROZ
2593,DERMASON
2594,DERMASON
2595,DERMASON
2596,SEKER
2597,SIRA
2598,BOMBAY
2599,SIRA
2600,SIRA
2601,BARBUNYA
2602,BARBUNYA
2603,DERMASON
2604,SIRA
2605,DERMASON
2606,SIRA
2607,SIRA
2608,CALI
2609,HOROZ
2610,BARBUNYA
2611,HOROZ
2612,BARBUNYA
2613,SEKER
2614,DERMASON
2615,BOMBAY
2616,DERMASON
2617,SIRA
2618,DERMASON
2619,CALI
2620,SIRA
2621,DERMASON
2622,DERMASON
2623,DERMASON
2624,SIRA
2625,CALI
2626,SEKER
2627,HOROZ
2628,SEKER
2629,DERMASON
2630,SEKER
2631,BARBUNYA
2632,SIRA
2633,CALI
2634,SEKER
2635,BARBUNYA
2636,SIRA
2637,CALI
2638,DERMASON
2639,DERMASON
2640,CALI
2641,SIRA
2642,SIRA
2643,SIRA
2644,SIRA
2645,BARBUNYA
2646,DERMASON
2647,CALI
2648,HOROZ
2649,SEKER
2650,BOMBAY
2651,DERMASON
2652,SIRA
2653,BARBUNYA
2654,SIRA
2655,BARBUNYA
2656,CALI
2657,CALI
2658,SIRA
2659,DERMASON
2660,DERMASON
2661,DERMASON
2662,DERMASON
2663,CALI
2664,SEKER
2665,SIRA
2666,BARBUNYA
2667,DERMASON
2668,BARBUNYA
2669,CALI
2670,SIRA
2671,SEKER
2672,CALI
2673,BARBUNYA
2674,BOMBAY
2675,HOROZ
2676,SIRA
2677,BARBUNYA
2678,HOROZ
2679,BARBUNYA
2680,HOROZ
2681,SEKER
2682,SIRA
2683,DERMASON
2684,CALI
2685,DERMASON
2686,HOROZ
2687,SIRA
2688,SIRA
2689,DERMASON
2690,SEKER
2691,SEKER
2692,BOMBAY
2693,SIRA
2694,SIRA
2695,CALI
2696,SEKER
2697,SEKER
2698,HOROZ
2699,SIRA
2700,SIRA
2701,CALI
2702,DERMASON
2703,SEKER
2704,CALI
2705,SEKER
2706,HOROZ
2707,DERMASON
2708,SIRA
